Workbook

Sheet Résumé
B2: Heart & Soul — Checklist de test
B3: Généré à partir de docs/heart_and_soul/quick_test_checklist.md — à dérouler sur une partie neuve, jamais une sauvegarde continuée.
B5: Total des points | C5: OK | D5: KO | E5: Non testé | F5: % complété
B6: =COUNTA(Checklist!A4:A101) | C6: =COUNTIF(Checklist!E4:E101,"OK") | D6: =COUNTIF(Checklist!E4:E101,"KO") | E6: =COUNTIF(Checklist!E4:E101,"Non testé") | F6: =IFERROR(C6/B6,0)
B8: Répartition par section
B9: Section | C9: Points | D9: OK | E9: KO | F9: Non testé
B10: 1. Lancement / création de personnage | C10: =COUNTIF(Checklist!B4:B101,B10) | D10: =COUNTIFS(Checklist!B4:B101,B10,Checklist!E4:E101,"OK") | E10: =COUNTIFS(Checklist!B4:B101,B10,Checklist!E4:E101,"KO") | F10: =COUNTIFS(Checklist!B4:B101,B10,Checklist!E4:E101,"Non testé")
B11: 2. Choix du type et de l'équipe | C11: =COUNTIF(Checklist!B4:B101,B11) | D11: =COUNTIFS(Checklist!B4:B101,B11,Checklist!E4:E101,"OK") | E11: =COUNTIFS(Checklist!B4:B101,B11,Checklist!E4:E101,"KO") | F11: =COUNTIFS(Checklist!B4:B101,B11,Checklist!E4:E101,"Non testé")
B12: 3. Attaque de Cinnabar (Acte I) | C12: =COUNTIF(Checklist!B4:B101,B12) | D12: =COUNTIFS(Checklist!B4:B101,B12,Checklist!E4:E101,"OK") | E12: =COUNTIFS(Checklist!B4:B101,B12,Checklist!E4:E101,"KO") | F12: =COUNTIFS(Checklist!B4:B101,B12,Checklist!E4:E101,"Non testé")
B13: 4. Route 1 | C13: =COUNTIF(Checklist!B4:B101,B13) | D13: =COUNTIFS(Checklist!B4:B101,B13,Checklist!E4:E101,"OK") | E13: =COUNTIFS(Checklist!B4:B101,B13,Checklist!E4:E101,"KO") | F13: =COUNTIFS(Checklist!B4:B101,B13,Checklist!E4:E101,"Non testé")
B14: 5. Viridian (Argenta) | C14: =COUNTIF(Checklist!B4:B101,B14) | D14: =COUNTIFS(Checklist!B4:B101,B14,Checklist!E4:E101,"OK") | E14: =COUNTIFS(Checklist!B4:B101,B14,Checklist!E4:E101,"KO") | F14: =COUNTIFS(Checklist!B4:B101,B14,Checklist!E4:E101,"Non testé")
B15: 6. Forêt de Jade (Viridian Forest) | C15: =COUNTIF(Checklist!B4:B101,B15) | D15: =COUNTIFS(Checklist!B4:B101,B15,Checklist!E4:E101,"OK") | E15: =COUNTIFS(Checklist!B4:B101,B15,Checklist!E4:E101,"KO") | F15: =COUNTIFS(Checklist!B4:B101,B15,Checklist!E4:E101,"Non testé")
B16: 7. Argenta → Jadielle → Azuria (route et niveaux) | C16: =COUNTIF(Checklist!B4:B101,B16) | D16: =COUNTIFS(Checklist!B4:B101,B16,Checklist!E4:E101,"OK") | E16: =COUNTIFS(Checklist!B4:B101,B16,Checklist!E4:E101,"KO") | F16: =COUNTIFS(Checklist!B4:B101,B16,Checklist!E4:E101,"Non testé")
B17: 8. Arène de Pierre (Jadielle) | C17: =COUNTIF(Checklist!B4:B101,B17) | D17: =COUNTIFS(Checklist!B4:B101,B17,Checklist!E4:E101,"OK") | E17: =COUNTIFS(Checklist!B4:B101,B17,Checklist!E4:E101,"KO") | F17: =COUNTIFS(Checklist!B4:B101,B17,Checklist!E4:E101,"Non testé")
B18: 9. Azuria | C18: =COUNTIF(Checklist!B4:B101,B18) | D18: =COUNTIFS(Checklist!B4:B101,B18,Checklist!E4:E101,"OK") | E18: =COUNTIFS(Checklist!B4:B101,B18,Checklist!E4:E101,"KO") | F18: =COUNTIFS(Checklist!B4:B101,B18,Checklist!E4:E101,"Non testé")
B19: 10. Route vers Carmin-sur-Mer (Vermilion) | C19: =COUNTIF(Checklist!B4:B101,B19) | D19: =COUNTIFS(Checklist!B4:B101,B19,Checklist!E4:E101,"OK") | E19: =COUNTIFS(Checklist!B4:B101,B19,Checklist!E4:E101,"KO") | F19: =COUNTIFS(Checklist!B4:B101,B19,Checklist!E4:E101,"Non testé")
B20: 11. Arène de Major Bob (Carmin-sur-Mer, 4e arène) | C20: =COUNTIF(Checklist!B4:B101,B20) | D20: =COUNTIFS(Checklist!B4:B101,B20,Checklist!E4:E101,"OK") | E20: =COUNTIFS(Checklist!B4:B101,B20,Checklist!E4:E101,"KO") | F20: =COUNTIFS(Checklist!B4:B101,B20,Checklist!E4:E101,"Non testé")
B21: 12. Portes de Cinnabar (Arène/Manoir/Labo) — build séparé | C21: =COUNTIF(Checklist!B4:B101,B21) | D21: =COUNTIFS(Checklist!B4:B101,B21,Checklist!E4:E101,"OK") | E21: =COUNTIFS(Checklist!B4:B101,B21,Checklist!E4:E101,"KO") | F21: =COUNTIFS(Checklist!B4:B101,B21,Checklist!E4:E101,"Non testé")
B22: 13. Acte III — les 3 lieutenants | C22: =COUNTIF(Checklist!B4:B101,B22) | D22: =COUNTIFS(Checklist!B4:B101,B22,Checklist!E4:E101,"OK") | E22: =COUNTIFS(Checklist!B4:B101,B22,Checklist!E4:E101,"KO") | F22: =COUNTIFS(Checklist!B4:B101,B22,Checklist!E4:E101,"Non testé")
B23: 14. Acte IV — 3 Championnes ralliées | C23: =COUNTIF(Checklist!B4:B101,B23) | D23: =COUNTIFS(Checklist!B4:B101,B23,Checklist!E4:E101,"OK") | E23: =COUNTIFS(Checklist!B4:B101,B23,Checklist!E4:E101,"KO") | F23: =COUNTIFS(Checklist!B4:B101,B23,Checklist!E4:E101,"Non testé")
B24: 15. 7e Arène : retrouvailles avec Blaine (Seafoam) | C24: =COUNTIF(Checklist!B4:B101,B24) | D24: =COUNTIFS(Checklist!B4:B101,B24,Checklist!E4:E101,"OK") | E24: =COUNTIFS(Checklist!B4:B101,B24,Checklist!E4:E101,"KO") | F24: =COUNTIFS(Checklist!B4:B101,B24,Checklist!E4:E101,"Non testé")
B25: 16. Fin du scénario — Kess, Mira Voss, Blue, épilogue | C25: =COUNTIF(Checklist!B4:B101,B25) | D25: =COUNTIFS(Checklist!B4:B101,B25,Checklist!E4:E101,"OK") | E25: =COUNTIFS(Checklist!B4:B101,B25,Checklist!E4:E101,"KO") | F25: =COUNTIFS(Checklist!B4:B101,B25,Checklist!E4:E101,"Non testé")
B26: 17. Les 8 aspirants Champions (rencontres aléatoires) | C26: =COUNTIF(Checklist!B4:B101,B26) | D26: =COUNTIFS(Checklist!B4:B101,B26,Checklist!E4:E101,"OK") | E26: =COUNTIFS(Checklist!B4:B101,B26,Checklist!E4:E101,"KO") | F26: =COUNTIFS(Checklist!B4:B101,B26,Checklist!E4:E101,"Non testé")
B27: 18. Les 18 événements narratifs supplémentaires | C27: =COUNTIF(Checklist!B4:B101,B27) | D27: =COUNTIFS(Checklist!B4:B101,B27,Checklist!E4:E101,"OK") | E27: =COUNTIFS(Checklist!B4:B101,B27,Checklist!E4:E101,"KO") | F27: =COUNTIFS(Checklist!B4:B101,B27,Checklist!E4:E101,"Non testé")
B28: 19. Les 3 histoires secondaires restantes (section 8) | C28: =COUNTIF(Checklist!B4:B101,B28) | D28: =COUNTIFS(Checklist!B4:B101,B28,Checklist!E4:E101,"OK") | E28: =COUNTIFS(Checklist!B4:B101,B28,Checklist!E4:E101,"KO") | F28: =COUNTIFS(Checklist!B4:B101,B28,Checklist!E4:E101,"Non testé")

Sheet Checklist
A1: Heart & Soul — Checklist de test détaillée
A2: Une ligne = un point à vérifier sur une partie neuve. Choisir un statut dans la liste déroulante (colonne Statut) et noter ce qui a été observé en cas de KO.
A3: N° | B3: Section | C3: Élément à vérifier | D3: Zone concernée | E3: Statut | F3: Notes / observations
A4: 1 | B4: 1. Lancement / création de personnage | C4: Écran-titre → Nouvelle Partie → l'écran de choix du genre s'affiche directement, sans discours du Professeur Chen. | E4: Non testé
A5: 2 | B5: 1. Lancement / création de personnage | C5: Choix du genre, saisie du nom : fonctionnent normalement. | D5: Choix du genre, saisie du nom | E5: Non testé
A6: 3 | B6: 1. Lancement / création de personnage | C6: Le jeu démarre au Centre Pokémon de Cinnabar (pas à New Bark Town). | E6: Non testé
A7: 4 | B7: 2. Choix du type et de l'équipe | C7: Le menu des 18 types s'affiche (liste déroulante). | E7: Non testé
A8: 5 | B8: 2. Choix du type et de l'équipe | C8: Choisir un type différent de la dernière fois si possible, pour couvrir les 18 au fil des tests. | E8: Non testé
A9: 6 | B9: 2. Choix du type et de l'équipe | C9: Sélection de 4 Pokémon distincts : un doublon fait bien rouvrir la liste. | D9: Sélection de 4 Pokémon distincts | E9: Non testé
A10: 7 | B10: 2. Choix du type et de l'équipe | C10: Pour au moins un des 4, choix des 4 attaques via le Tuteur de Capacités (bouton B pour arrêter). | E10: Non testé
A11: 8 | B11: 2. Choix du type et de l'équipe | C11: Sac : 5 Poké Balls présentes, + les 8 CT de capacités de terrain (Coupe, Vol, Surf, Force, Flash, Rock Smash, Cascade, Tourbillon), + les 3 cannes à pêche (Old/Good/Super Rod). | D11: Sac | E11: Non testé
A12: 9 | B12: 2. Choix du type et de l'équipe | C12: Sac : la Bicyclette est présente et utilisable. | D12: Sac | E12: Non testé
A13: 10 | B13: 2. Choix du type et de l'équipe | C13: Menu START : entrée « Pokémon » présente (équipe consultable). | D13: Menu START | E13: Non testé
A14: 11 | B14: 2. Choix du type et de l'équipe | C14: Menu START : entrée « Pokénav »/Pokégear présente (carte accessible). | D14: Menu START | E14: Non testé
A15: 12 | B15: 2. Choix du type et de l'équipe | C15: Chaussures de course actives (bouton B pour courir sur la carte). | E15: Non testé
A16: 13 | B16: 3. Attaque de Cinnabar (Acte I) | C16: Narration de l'attaque, un Grunt fait irruption, Blaine s'interpose puis disparaît (texte uniquement, pas de sprite visible à ce moment). | E16: Non testé
A17: 14 | B17: 3. Attaque de Cinnabar (Acte I) | C17: Un second Grunt bloque le passage juste après : combat forcé (pas de choix, pas de fuite possible), équipe niveau ~34. Après la victoire, le texte confirme que le passage vers le Mont Cinnabar est libre. | D17: Un second Grunt bloque le passage juste après | E17: Non testé
A18: 15 | B18: 3. Attaque de Cinnabar (Acte I) | C18: Choix réfugiés (guider / cacher) : les deux options fonctionnent, message de résultat cohérent. | D18: Choix réfugiés | E18: Non testé
A19: 16 | B19: 3. Attaque de Cinnabar (Acte I) | C19: Message de fuite → fondu au noir → téléportation automatique à Pallet Town, sans avoir à marcher ni utiliser un CS Fly. | E19: Non testé
A20: 17 | B20: 3. Attaque de Cinnabar (Acte I) | C20: Essayer de retourner vers Cinnabar (Route 21, vers le sud) : le jeu doit repousser le joueur avec un message, pas de possibilité d'entrer. | D20: Essayer de retourner vers Cinnabar | E20: Non testé
A21: 18 | B21: 4. Route 1 | C21: Combattre Quinn (Cooltrainer F). | E21: Non testé
A22: 19 | B22: 4. Route 1 | C22: Juste après la victoire, sans avoir à lui reparler : dialogue de post-combat puis proposition de rendre le bracelet trouvé à Cinnabar. | D22: Juste après la victoire, sans avoir à lui reparler | E22: Non testé
A23: 20 | B23: 4. Route 1 | C23: Tester les deux choix (rendre / garder) sur des essais différents si possible. | E23: Non testé
A24: 21 | B24: 5. Viridian (Argenta) | C24: Mart : parler au PNJ (ex-« Cooltrainer M ») → proposition de rejoindre la résistance, choix aider/décliner fonctionnent. | D24: Mart | E24: Non testé
A25: 22 | B25: 5. Viridian (Argenta) | C25: Mart : parler au vendeur (comptoir) → un vrai magasin s'ouvre avec Poké Ball/Potion/Antidote/Anti-Paralysie à acheter. | D25: Mart | E25: Non testé
A26: 23 | B26: 5. Viridian (Argenta) | C26: Arène : Blue est absent, le PNJ à l'intérieur explique que l'Arène est fermée (pas de combat possible). | D26: Arène | E26: Non testé
A27: 24 | B27: 6. Forêt de Jade (Viridian Forest) | C27: Combattre Doug (Bug Catcher) — il erre assez loin de l'entrée nord, plutôt vers le centre-sud de la forêt, proche de la sortie côté Jadielle/Pewter. Continuer vers le sud si non trouvé près de l'entrée. | E27: Non testé
A28: 25 | B28: 6. Forêt de Jade (Viridian Forest) | C28: Juste après la victoire, sans avoir à lui reparler : dialogue bûcherons déplacés, choix aider/ignorer fonctionnent. | D28: Juste après la victoire, sans avoir à lui reparler | E28: Non testé
A29: 26 | B29: 7. Argenta → Jadielle → Azuria (route et niveaux) | C29: Pokémon sauvages rencontrés sur Route 1/2/3/4, Forêt de Jade, Mont Sélénite : niveau ~34 (pas 45+). | E29: Non testé
A30: 27 | B30: 7. Argenta → Jadielle → Azuria (route et niveaux) | C30: Dresseurs rencontrés sur la route (Danny, Ed, Rob, etc.) : niveau ~34. | D30: Dresseurs rencontrés sur la route | E30: Non testé
A31: 28 | B31: 7. Argenta → Jadielle → Azuria (route et niveaux) | C31: Coupe/Surf/Vol/Force/etc. utilisable sans badge depuis le menu Pokémon (CT + Pokémon compatible fournis dès le départ, voir section 2). | E31: Non testé
A32: 29 | B32: 8. Arène de Pierre (Jadielle) | C32: Mart de Jadielle : le vendeur au comptoir vend Poké Ball/Potion/Antidote/Anti-Paralysie/Réveil/Anti-Brûlure/Corde Sortie/Repousse. | D32: Mart de Jadielle | E32: Non testé
A33: 30 | B33: 8. Arène de Pierre (Jadielle) | C33: En arrivant à l'Arène : seul notre dialogue (Pierre doute) s'affiche, puis le combat démarre directement — plus de texte anglais générique avant le combat. | D33: En arrivant à l'Arène | E33: Non testé
A34: 31 | B34: 8. Arène de Pierre (Jadielle) | C34: Perdre volontairement ce premier combat, puis reparler à Pierre : la scène de doute (en français) doit se rejouer. | E34: Non testé
A35: 32 | B35: 8. Arène de Pierre (Jadielle) | C35: Gagner le combat : badge + CT Éboulement reçus normalement, puis un nouveau texte (en français, lié à notre histoire) où Pierre reconnaît avoir été convaincu. | D35: Gagner le combat | E35: Non testé
A36: 33 | B36: 9. Azuria | C36: Mart d'Azuria : le vendeur vend en plus une Super Potion. | D36: Mart d'Azuria | E36: Non testé
A37: 34 | B37: 9. Azuria | C37: Avant de réparer les canalisations : à l'Arène, Ondine explique le problème (Arène inondée/bloquée) et dit qu'elle n'écoutera qu'une fois les canalisations réparées — pas de combat possible à ce stade. | D37: Avant de réparer les canalisations | E37: Non testé
A38: 35 | B38: 9. Azuria | C38: Toujours avant réparation : un PNJ Team Rocket est présent et interactif dans l'Arène (parler à lui affiche une ligne de sabotage). | D38: Toujours avant réparation | E38: Non testé
A39: 36 | B39: 9. Azuria | C39: PNJ « canalisations sabotées » (Boy, en ville) : choix aider/ignorer fonctionnent, réparation obtenue. | D39: PNJ « canalisations sabotées » | E39: Non testé
A40: 37 | B40: 9. Azuria | C40: Après réparation des canalisations : retourner à l'Arène — le PNJ Rocket a disparu, le combat contre Ondine est maintenant possible (notre dialogue, puis le combat) ; en cas de défaite, la scène se rejoue à la tentative suivante. | D40: Après réparation des canalisations | E40: Non testé
A41: 38 | B41: 10. Route vers Carmin-sur-Mer (Vermilion) | C41: Depuis Azuria, prendre la route vers le nord (Route 5) → traverser Safrania (simple passage, pas d'arène ici) → Route 6 → Carmin-sur-Mer. Aucun garde ne doit bloquer ce trajet. | E41: Non testé
A42: 39 | B42: 10. Route vers Carmin-sur-Mer (Vermilion) | C42: Dresseurs et Pokémon sauvages sur ce trajet : niveau ~34. | D42: Dresseurs et Pokémon sauvages sur ce trajet | E42: Non testé
A43: 40 | B43: 10. Route vers Carmin-sur-Mer (Vermilion) | C43: À Carmin-sur-Mer : parler au PNJ « Nerd » (interception radio) → choix aider/ignorer fonctionnent. | D43: À Carmin-sur-Mer | E43: Non testé
A44: 41 | B44: 10. Route vers Carmin-sur-Mer (Vermilion) | C44: Mart de Carmin-sur-Mer : le vendeur vend Poké Ball/Super Potion/Antidote/Anti-Paralysie/Réveil/Anti-Gel/Repousse. | D44: Mart de Carmin-sur-Mer | E44: Non testé
A45: 42 | B45: 11. Arène de Major Bob (Carmin-sur-Mer, 4e arène) | C45: Même schéma que Pierre/Ondine : notre dialogue (Major Bob doute), puis l'anglais, puis le combat. | D45: Même schéma que Pierre/Ondine | E45: Non testé
A46: 43 | B46: 11. Arène de Major Bob (Carmin-sur-Mer, 4e arène) | C46: Perdre volontairement puis retenter : la scène de doute se rejoue. | D46: Perdre volontairement puis retenter | E46: Non testé
A47: 44 | B47: 11. Arène de Major Bob (Carmin-sur-Mer, 4e arène) | C47: Gagner : badge reçu normalement. | D47: Gagner | E47: Non testé
A48: 45 | B48: 12. Portes de Cinnabar (Arène/Manoir/Labo) — build séparé | C48: Ce test ne se fait pas dans la partie normale : lancer make hns MAPTEST=1 (voir MAP_TEST_README.md à la racine du dépôt) pour une ROM dédiée qui démarre directement à côté des 3 portes sur CinnabarIsland_hns. | D48: Ce test ne se fait pas dans la partie normale | E48: Non testé
A49: 46 | B49: 12. Portes de Cinnabar (Arène/Manoir/Labo) — build séparé | C49: Les 3 portes (Arène, Manoir, Labo) sont visibles et franchissables, chacune mène au bon intérieur. | E49: Non testé
A50: 47 | B50: 12. Portes de Cinnabar (Arène/Manoir/Labo) — build séparé | C50: Sortir de chaque bâtiment ramène bien sur Cinnabar (pas sur l'ancien Kanto inerte). | E50: Non testé
A51: 48 | B51: 12. Portes de Cinnabar (Arène/Manoir/Labo) — build séparé | C51: Ne pas entrer dans le Centre Pokémon dans ce build de test : ça déclenche le script d'attaque de l'Acte I, hors périmètre de ce test précis. | D51: Ne pas entrer dans le Centre Pokémon dans ce build de test | E51: Non testé
A52: 49 | B52: 12. Portes de Cinnabar (Arène/Manoir/Labo) — build séparé | C52: Nouveau : dans l'Arène, le PNJ ouvrier est présent et son dialogue s'affiche (reconstruction en cours / Blaine au Dojo). | D52: Nouveau | E52: Non testé
A53: 50 | B53: 12. Portes de Cinnabar (Arène/Manoir/Labo) — build séparé | C53: Nouveau : dans le Labo, la PNJ assistante est présente et son dialogue s'affiche (recherches au ralenti). | D53: Nouveau | E53: Non testé
A54: 51 | B54: 12. Portes de Cinnabar (Arène/Manoir/Labo) — build séparé | C54: Nouveau : dans le Manoir, les 2 panneaux « carnet de Blaine » sont trouvables et affichent chacun un texte différent. | D54: Nouveau | E54: Non testé
A55: 52 | B55: 13. Acte III — les 3 lieutenants | C55: Lyre (Forêt de Jade) : en traversant la forêt (entre Argenta et Jadielle), une dresseuse LYRE (sprite Team Rocket) approche automatiquement et lance un combat. Dialogue d'avant-combat, de défaite et d'après-victoire s'affichent correctement. | D55: Lyre | E55: Non testé
A56: 53 | B56: 13. Acte III — les 3 lieutenants | C56: Selen (Mont Sélénite) : au milieu du groupe de Clefairy sur MtMoon_Outside_hns, une dresseuse SELEN approche automatiquement et lance un combat. Mêmes vérifications (avant/défaite/après). | D56: Selen | E56: Non testé
A57: 54 | B57: 13. Acte III — les 3 lieutenants | C57: Terrence (Rock Tunnel 1F) : PNJ immobile, à aborder (pas d'approche automatique). Dérouler la séquence de 3 questions à choix multiples. | D57: Terrence | E57: Non testé
A58: 55 | B58: 13. Acte III — les 3 lieutenants | C58: Terrence — répondre B/A/A (le plus convaincant à chaque fois) → devrait mener à « convaincu », pas de combat, Terrence rejoint votre cause. | E58: Non testé
A59: 56 | B59: 13. Acte III — les 3 lieutenants | C59: Terrence — réessayer en répondant C à la question 1 (agressif) → devrait court-circuiter directement vers un combat complet, sans poser les questions 2 et 3. | E59: Non testé
A60: 57 | B60: 13. Acte III — les 3 lieutenants | C60: Terrence — réessayer en visant un score intermédiaire (ex. B/B/A) → devrait mener à un combat allégé (équipe réduite à 2 Pokémon, sans objets tenus) plutôt que l'équipe complète à 4. | E60: Non testé
A61: 58 | B61: 13. Acte III — les 3 lieutenants | C61: Terrence — après une défaite (quelle que soit la branche combat), reparler à Terrence : la séquence de questions ne doit pas se rejouer, le jeu doit relancer directement le même combat. | D61: Terrence — après une défaite | E61: Non testé
A62: 59 | B62: 13. Acte III — les 3 lieutenants | C62: Pour les 3 : vérifier qu'aucun des 3 lieutenants ne bloque le passage ou ne casse le déplacement après le combat. | D62: Pour les 3 | E62: Non testé
A63: 60 | B63: 14. Acte IV — 3 Championnes ralliées | C63: Erika (Céladopole) : avant le combat, un dialogue de doute en français s'affiche (méfiance envers une Championne qui a perdu son île), puis le dialogue anglais d'origine, puis le combat. Équipe niveau ~34 (pas 60+). | D63: Erika | E63: Non testé
A64: 61 | B64: 14. Acte IV — 3 Championnes ralliées | C64: Sabrina (Safrania) : même schéma (doute FR → dialogue original → combat), équipe niveau ~34. | D64: Sabrina | E64: Non testé
A65: 62 | B65: 14. Acte IV — 3 Championnes ralliées | C65: Janine (Fuchsia) : même schéma, son dialogue de doute mentionne son père Koga. Équipe niveau ~34. | D65: Janine | E65: Non testé
A66: 63 | B66: 14. Acte IV — 3 Championnes ralliées | C66: Pour les 3 : les dresseurs élèves rencontrés avant la Championne sont aussi niveau ~34, pas surclassés. | D66: Pour les 3 | E66: Non testé
A67: 64 | B67: 14. Acte IV — 3 Championnes ralliées | C67: Badge reçu normalement après chaque victoire (Erika, Sabrina, Janine). | E67: Non testé
A68: 65 | B68: 15. 7e Arène : retrouvailles avec Blaine (Seafoam) | C68: Avant le combat, une scène de retrouvailles en français s'affiche (Blaine reconnaît le joueur, explique avoir été emmené ici après l'attaque de Cinnabar), puis le dialogue anglais d'origine, puis le combat. | E68: Non testé
A69: 66 | B69: 15. 7e Arène : retrouvailles avec Blaine (Seafoam) | C69: Équipe de Blaine niveau ~34 (pas 65+). | E69: Non testé
A70: 67 | B70: 15. 7e Arène : retrouvailles avec Blaine (Seafoam) | C70: Badge reçu normalement après victoire. | E70: Non testé
A71: 68 | B71: 15. 7e Arène : retrouvailles avec Blaine (Seafoam) | C71: En reparlant à Blaine après la victoire (ou en revenant plus tard) : le texte anglais d'origine s'affiche, suivi d'une ligne française (« On rentre à Cinnabar dès que possible »). | D71: En reparlant à Blaine après la victoire | E71: Non testé
A72: 69 | B72: 16. Fin du scénario — Kess, Mira Voss, Blue, épilogue | C72: Kess (Zone Safari, grotte de Fuchsia) : à aborder. Même séquence de conviction à 3 questions que Terrence (convaincue sans combat / combat allégé / combat complet selon les réponses). Après une défaite, reparler à Kess relance directement le même combat sans reposer les questions. | D72: Kess | E72: Non testé
A73: 70 | B73: 16. Fin du scénario — Kess, Mira Voss, Blue, épilogue | C73: Mira Voss (Silph Co, Safrania) : combat direct après un court dialogue (pas de choix), équipe niveau ~34. | D73: Mira Voss | E73: Non testé
A74: 71 | B74: 16. Fin du scénario — Kess, Mira Voss, Blue, épilogue | C74: Une fois Erika + Sabrina + Janine + Major Bob + Blaine + Mira Voss tous obtenus/vaincus : le retour à Cinnabar (Route 20/21) n'est plus bloqué, et Blue apparaît désormais à l'Arène de Viridian. | E74: Non testé
A75: 72 | B75: 16. Fin du scénario — Kess, Mira Voss, Blue, épilogue | C75: Blue (Arène de Viridian, 8e badge) : dialogue de révélation, puis 3 questions à choix multiples, puis le dialogue anglais d'origine, puis le combat. Perdre puis retenter doit rejouer toute la séquence de dialogue. | D75: Blue | E75: Non testé
A76: 73 | B76: 16. Fin du scénario — Kess, Mira Voss, Blue, épilogue | C76: Juste après la victoire sur Blue : un épilogue en français s'affiche automatiquement (3 variantes selon la réputation accumulée — ternie/équilibrée/exemplaire). Vérifier qu'il ne se rejoue pas en revenant à l'Arène plus tard. | D76: Juste après la victoire sur Blue | E76: Non testé
A77: 74 | B77: 16. Fin du scénario — Kess, Mira Voss, Blue, épilogue | C77: Si l'épilogue « exemplaire » s'affiche : vérifier que le texte mentionne un accès aux sous-sols du Pokémon Mansion (contenu réel non encore implémenté — normal que rien de plus ne se passe pour l'instant). | D77: Si l'épilogue « exemplaire » s'affiche | E77: Non testé
A78: 75 | B78: 17. Les 8 aspirants Champions (rencontres aléatoires) | C78: Sur Route21_hns, ViridianForest_hns, Route15_hns, SeafoamIslands_1F_hns, Route1_hns, RockTunnel_1F_hns et CeladonCity_hns : en traversant la zone plusieurs fois (1 chance sur 20 par visite), un dresseur aspirant apparaît parfois là où il n'y avait rien avant. | E78: Non testé
A79: 76 | B79: 17. Les 8 aspirants Champions (rencontres aléatoires) | C79: Chaque aspirant a un dialogue d'avant-combat, de défaite et d'après-victoire propre (pas de texte générique/dupliqué entre deux aspirants). | E79: Non testé
A80: 77 | B80: 17. Les 8 aspirants Champions (rencontres aléatoires) | C80: Corvin (Route 1) : ne doit apparaître que de nuit (vérifier avec l'horloge de la console — ne pas le chercher en plein jour). | D80: Corvin | E80: Non testé
A81: 78 | B81: 17. Les 8 aspirants Champions (rencontres aléatoires) | C81: Ael (Route 21, x2) et Orin (Route 21, x2) : les deux peuvent apparaître sur la même route, à des occasions différentes, sans se remplacer l'un l'autre. | D81: Ael | E81: Non testé
A82: 79 | B82: 17. Les 8 aspirants Champions (rencontres aléatoires) | C82: Chaque aspirant reste rejouable à une rencontre aléatoire ultérieure (pas de disparition définitive après une victoire — simplification voulue et documentée). | E82: Non testé
A83: 80 | B83: 17. Les 8 aspirants Champions (rencontres aléatoires) | C83: En battant au moins 6 des 8 aspirants sur la partie, puis en terminant le scénario avec l'épilogue exemplaire : un texte additionnel dédié aux aspirants doit s'afficher à la suite de l'épilogue normal. | E83: Non testé
A84: 81 | B84: 18. Les 18 événements narratifs supplémentaires | C84: Acte I : 4 nouveaux moments s'intercalent dans les scènes déjà connues de la chute de Cinnabar (choix de sauvetage, carnet du grunt trouvé, choix pour un Pokémon blessé, scène avec un marin sur la Route 21 pendant la tempête) — aucun ne doit bloquer la progression. | D84: Acte I | E84: Non testé
A85: 82 | B85: 18. Les 18 événements narratifs supplémentaires | C85: Acte II : à Jadielle, le jeune dresseur croisé près du Bourg Palette a une ligne de dialogue supplémentaire ; à Argenta, le commerçant a une ligne après le discours de Blue entendu à la radio/en ville. | D85: Acte II | E85: Non testé
A86: 83 | B86: 18. Les 18 événements narratifs supplémentaires | C86: Pewter (panneau photo) : près du marché, un panneau invisible (marcher dessus + A) affiche un vieux cliché de Blaine jeune avec une dresseuse qui ressemble au joueur — uniquement visible après l'Acte I. | D86: Pewter | E86: Non testé
A87: 84 | B87: 18. Les 18 événements narratifs supplémentaires | C87: Route 3 (patrouille de reconnaissance) : entre Jadielle et le Mont Sélénite, un Grunt Rocket isolé lance un combat mineur, avant les vrais lieutenants de l'Acte III. | D87: Route 3 | E87: Non testé
A88: 85 | B88: 18. Les 18 événements narratifs supplémentaires | C88: Mont Sélénite : fragments de folklore Clefairy déjà présents dans le jeu de base, visibles avant/pendant la scène avec Selen (rien de nouveau à vérifier au-delà de l'existant). | D88: Mont Sélénite | E88: Non testé
A89: 86 | B89: 18. Les 18 événements narratifs supplémentaires | C89: Capture d'un Champion allié : au fil de l'Acte III, une ligne de texte évoque la capture brève d'un Champion déjà rallié (Pierre ou Ondine) par la Team Rocket. | D89: Capture d'un Champion allié | E89: Non testé
A90: 87 | B90: 18. Les 18 événements narratifs supplémentaires | C90: Terrence (éboulement du Rock Tunnel) : juste avant la séquence de conviction, un texte d'éboulement/alliance temporaire s'affiche avant les 3 questions habituelles. | D90: Terrence | E90: Non testé
A91: 88 | B91: 18. Les 18 événements narratifs supplémentaires | C91: Kess (labo caché de la Zone Safari) : juste avant la séquence de conviction, un texte décrit d'anciennes installations d'expérimentation portant le sceau de Giovanni. | D91: Kess | E91: Non testé
A92: 89 | B92: 18. Les 18 événements narratifs supplémentaires | C92: Céladopole (subordonné admiratif) : un dresseur optionnel, convaincu par le discours de Blue mais pas violent, propose un combat facultatif ; sa défaite montre un doute dans son texte d'après-combat. | D92: Céladopole | E92: Non testé
A93: 90 | B93: 18. Les 18 événements narratifs supplémentaires | C93: Janine (scission du clan) : juste après avoir obtenu le badge de Fuchsia, un texte supplémentaire évoque une tentative de sabotage isolée par une minorité du clan, déjà réglée — ne doit apparaître qu'une seule fois. | D93: Janine | E93: Non testé
A94: 91 | B94: 18. Les 18 événements narratifs supplémentaires | C94: Silph Co (piste de Blaine + alarme) : juste avant le combat contre Mira Voss, deux textes s'affichent dans l'ordre — un registre de détention au nom de Blaine (déjà retrouvé), puis une alarme dans les étages supérieurs. | D94: Silph Co | E94: Non testé
A95: 92 | B95: 18. Les 18 événements narratifs supplémentaires | C95: Retrouvailles avec Blaine (Seafoam) : déjà couvert par la section 15 de cette liste — pas de nouveau point à tester ici. | D95: Retrouvailles avec Blaine | E95: Non testé
... A97: 94 | B97: 19. Les 3 histoires secondaires restantes (section 8) | C97: Fuchsia (débat du clan) : en entrant dans l'Arène pour la première fois (après l'Acte II), avant le dialogue de doute habituel de Janine, un texte présente le clan divisé (engagement direct / stratégie de l'ombre) puis propose un choix. Ne doit se jouer qu'une seule fois. | D97: Fuchsia | E97: Non testé
A98: 95 | B98: 19. Les 3 histoires secondaires restantes (section 8) | C98: Le choix fait à Fuchsia influence la ligne additionnelle de la scène « retour des alliés » avant Blue (section 18) : ninjas visibles si « engagement direct », surveillance discrète si « stratégie de l'ombre ». | E98: Non testé
A99: 96 | B99: 19. Les 3 histoires secondaires restantes (section 8) | C99: Céladopole (financement Rocket) : dans le grand magasin (rez-de-chaussée), un panneau invisible révèle des registres de comptes qui ne correspondent pas aux ventes officielles — optionnel, ne bloque rien. | D99: Céladopole | E99: Non testé
A100: 97 | B100: 19. Les 3 histoires secondaires restantes (section 8) | C100: Si ce panneau a été trouvé avant de battre Erika : une ligne de remerciement supplémentaire s'affiche juste après la victoire. Si non trouvé, rien ne change dans la scène d'Erika. | D100: Si ce panneau a été trouvé avant de battre Erika | E100: Non testé
A101: 98 | B101: 19. Les 3 histoires secondaires restantes (section 8) | C101: Safrania/Silph Co (dossier de Mira Voss) : avant le combat, un panneau invisible affiche un dossier RH à son nom (réaffectation, motif « restructuration ») — texte différent de ce que Mira dit à l'oral juste après. Optionnel, ne bloque rien. | D101: Safrania/Silph Co | E101: Non testé
